SampleName;Marker;Allele1;Allele2;Allele3;Allele4;Allele5;Allele6;Allele7;Allele8;Height1;Height2;Height3;Height4;Height5;Height6;Height7;Height8
Rep1 ESX;D3S1358;13;14;15;16;17;18;;;1060;7329;441;1154;7985;481;;
Rep1 ESX;TH01;10.3;5;6;7;8;8.3;9.3;;739;320;2212;534;2769;1773;12265;
Rep1 ESX;D21S11;26;27;28;29;31.2;32.2;33.2;;616;4264;508;1737;636;4402;265;
Rep1 ESX;D18S51;11;12;14;15;16;;;;231;1601;448;3515;3046;;;
Rep1 ESX;D10S1248;13;14;15;16;17;18;;;373;3989;9921;1619;7128;429;;
Rep1 ESX;D1S1656;14;15;16;16.3;17.3;18.3;;;969;6702;404;1023;7077;426;;
Rep1 ESX;D2S1338;16;17;18;19;20;21;23;24;568;3928;237;691;4776;288;352;2432
Rep1 ESX;D16S539;10;11;8;9;;;;;4447;2649;315;2751;;;;
Rep1 ESX;D22S1045;14;15;16;17;18;;;;1192;9581;9729;905;2413;;;
Rep1 ESX;VWA;15;16;17;18;19;20;;;787;6047;4525;1366;7698;464;;
Rep1 ESX;D8S1179;11;12;13;14;;;;;1292;1830;12118;730;;;;
Rep1 ESX;FGA;18;19;20;21;22;23;24;;476;3289;518;2213;996;6158;1674;
Rep1 ESX;D2S441;10;11;12;13;14;15;;;1322;1079;6914;1648;8518;513;;
Rep1 ESX;D12S391;15;16;17;18;19;;;;2273;7347;1227;5732;2232;;;
Rep1 ESX;D19S433;13;14;15;16;;;;;872;6424;3540;3382;;;;
Rep1 ESX;SE33;13;14;15;16;17;18;23.2;;478;3306;565;2529;225;504;1169;
Rep2 ESX;D3S1358;14;17;;;;;;;633;787;;;;;;
Rep2 ESX;TH01;8;9.3;;;;;;;329;1108;;;;;;
Rep2 ESX;D21S11;27;29;32.2;;;;;;486;609;649;;;;;
Rep2 ESX;D18S51;15;16;;;;;;;760;440;;;;;;
Rep2 ESX;D10S1248;14;15;17;;;;;;609;599;634;;;;;
Rep2 ESX;D1S1656;15;17.3;;;;;;;1006;901;;;;;;
Rep2 ESX;D2S1338;17;20;24;;;;;;568;536;467;;;;;
Rep2 ESX;D16S539;10;11;9;;;;;;749;317;501;;;;;
Rep2 ESX;D22S1045;15;16;;;;;;;820;878;;;;;;
Rep2 ESX;VWA;16;17;19;;;;;;676;573;477;;;;;
Rep2 ESX;D8S1179;11;13;;;;;;;258;1229;;;;;;
Rep2 ESX;FGA;19;23;24;;;;;;652;611;286;;;;;
Rep2 ESX;D2S441;10;12;14;;;;;;251;527;896;;;;;
Rep2 ESX;D12S391;15;16;18;;;;;;427;496;523;;;;;
Rep2 ESX;D19S433;14;15;16;;;;;;766;369;439;;;;;
Rep2 ESX;SE33;14;16;18;;;;;;369;562;233;;;;;
Rep1 ESI;D3S1358;13;14;15;16;17;18;;;2090;14803;522;1007;7136;252;;
Rep1 ESI;TH01;10.3;5;6;7;8;8.3;9;9.3;638;643;4554;1230;7573;2553;267;18082
Rep1 ESI;D21S11;26;27;28;29;31.2;32.2;;;392;2774;868;5452;506;3583;;
Rep1 ESI;D18S51;11;12;14;15;16;;;;381;2697;1450;10762;3832;;;
Rep1 ESI;D10S1248;13;14;15;16;17;;;;594;4612;3016;650;3886;;;
Rep1 ESI;D1S1656;14;15;16;16.3;17.3;18.3;;;985;6976;246;934;6615;233;;
Rep1 ESI;D2S1338;16;17;19;20;23;24;;;578;4094;407;2880;316;2236;;
Rep1 ESI;D16S539;10;11;12;8;9;;;;8285;11418;395;2216;16567;;;
Rep1 ESI;D22S1045;14;15;16;17;18;;;;290;2451;2874;255;1104;;;
Rep1 ESI;VWA;15;16;17;18;19;20;;;613;5635;9333;1388;7537;266;;
Rep1 ESI;D8S1179;10;11;12;13;14;;;;786;5570;2514;16415;579;;;
Rep1 ESI;FGA;18;19;20;21;22;23;24;;867;6143;658;3127;1122;7685;3916;
Rep1 ESI;D2S441;10;12;13;14;9;;;;2350;680;490;3301;332;;;
Rep1 ESI;D12S391;15;16;17;18;19;;;;1136;1415;668;4798;3060;;;
Rep1 ESI;D19S433;13;14;15;16;;;;;1138;8479;3952;4983;;;;
Rep1 ESI;SE33;13;14;15;16;17;18;23.2;;498;3525;290;1174;231;1341;1112;
Rep2 ESI;D3S1358;14;17;;;;;;;1044;934;;;;;;
Rep2 ESI;TH01;6;8;9.3;;;;;;256;267;1033;;;;;
Rep2 ESI;D21S11;27;29;32.2;;;;;;422;429;426;;;;;
Rep2 ESI;D18S51;12;15;16;;;;;;352;822;337;;;;;
Rep2 ESI;D10S1248;14;15;17;;;;;;424;575;357;;;;;
Rep2 ESI;D1S1656;15;17.3;;;;;;;823;581;;;;;;
Rep2 ESI;D2S1338;17;20;24;;;;;;320;487;292;;;;;
Rep2 ESI;D16S539;10;11;9;;;;;;635;419;585;;;;;
Rep2 ESI;D22S1045;15;16;;;;;;;383;544;;;;;;
Rep2 ESI;VWA;16;17;19;;;;;;571;493;450;;;;;
Rep2 ESI;D8S1179;11;13;;;;;;;276;1351;;;;;;
Rep2 ESI;FGA;19;21;23;24;;;;;625;296;567;237;;;;
Rep2 ESI;D2S441;12;14;;;;;;;352;465;;;;;;
Rep2 ESI;D12S391;15;16;18;;;;;;208;496;430;;;;;
Rep2 ESI;D19S433;14;15;16;;;;;;657;445;418;;;;;
Rep2 ESI;SE33;14;16;;;;;;;213;319;;;;;;
