SampleName,Marker,Allele1,Allele2
ref1,D3S1358,17,14
ref1,TH01,9.3,9.3
ref1,D21S11,32.2,27
ref1,D18S51,15,16
ref1,D10S1248,15,17
ref1,D1S1656,17.3,15
ref1,D2S1338,20,17
ref1,D16S539,11,10
ref1,D22S1045,15,16
ref1,VWA,16,19
ref1,D8S1179,13,13
ref1,FGA,23,19
ref1,D2S441,14,12
ref1,D12S391,18,16
ref1,D19S433,16,14
ref1,SE33,16,14
ref2,D3S1358,17,14
ref2,TH01,6,8
ref2,D21S11,29,29
ref2,D18S51,12,15
ref2,D10S1248,14,14
ref2,D1S1656,15,17.3
ref2,D2S1338,24,24
ref2,D16S539,9,9
ref2,D22S1045,16,18
ref2,VWA,17,17
ref2,D8S1179,11,13
ref2,FGA,24,21
ref2,D2S441,10,14
ref2,D12S391,19,15
ref2,D19S433,15,14
ref2,SE33,23.2,18