SampleName,Marker,Allele1,Allele2,Allele3,Allele4,Height1,Height2,Height3,Height4
stain9,D3S1358,14,17,,,1839,1549,,
stain9,TH01,6,8,9.3,,444,459,1740,
stain9,D21S11,27,29,32.2,,489,495,476,
stain9,D18S51,12,15,16,,579,1138,384,
stain9,D10S1248,14,15,17,,318,687,306,
stain9,D1S1656,15,17.3,,,1057,594,,
stain9,D2S1338,17,20,24,,285,569,445,
stain9,D16S539,10,11,9,,854,924,1077,
stain9,D22S1045,15,16,18,,103,429,92,
stain9,VWA,16,17,19,,656,736,545,
stain9,D8S1179,11,13,,,713,2996,,
stain9,FGA,19,21,23,24,829,329,739,345
stain9,D2S441,10,12,14,,88,191,546,
stain9,D12S391,15,16,18,19,201,371,198,405
stain9,D19S433,14,15,16,,841,115,592,
stain9,SE33,14,16,23.2,,296,133,171,
